{"cameraMode":{"drawMode":0,"name":"Shaded","section":"Shading Mode"},"sceneLighting":false,"audioPlay":false,"sceneViewState":{"m_AlwaysRefresh":false,"showFog":true,"showSkybox":true,"showFlares":true,"showImageEffects":true,"showParticleSystems":true,"showVisualEffectGraphs":true,"m_FxEnabled":true},"in2DMode":false,"pivot":{"x":-26.645578384399415,"y":9.00030517578125,"z":-12.733068466186524},"rotation":{"x":-0.11333887279033661,"y":0.3577573299407959,"z":0.043768756091594699,"w":0.9259441494941711},"size":0.05186176300048828,"orthographic":false}